Person,date,time
mom,2024_02_26,21_09_15
sam,2024_02_26,21_09_15
sam,2024_02_26,21_14_33
mom,2024_02_26,21_17_25
sam,2024_02_26,21_17_25
mom,2024_02_26,21_18_07
sam,2024_02_26,21_18_07
mom,2024_02_26,21_46_46
sam,2024_02_26,21_46_46
mom,2024_02_27,01_06_44
sam,2024_02_27,01_06_44
mom,2024_02_27,01_07_49
sam,2024_02_27,01_07_49
mom,2024_02_27,01_08_36
sam,2024_02_27,01_08_36
mom,2024_02_27,01_09_15
sam,2024_02_27,01_09_15
mom,2024_02_27,01_10_22
sam,2024_02_27,01_10_22
mom,2024_02_27,02_01_34
sam,2024_02_27,02_01_34
mom,2024_02_27,02_01_44
sam,2024_02_27,02_01_44
mom,2024_02_27,12_45_32
sam,2024_02_27,12_45_32
mom,2024_02_27,12_57_28
sam,2024_02_27,12_57_28
mom,2024_02_27,12_59_18
sam,2024_02_27,12_59_18
mom,2024_02_27,13_01_36
sam,2024_02_27,13_01_36
mom,2024_02_27,13_08_27
sam,2024_02_27,13_08_27
